case,batch,pair,engine,sample,calls,elapsed_ns
int,0,0,baseline,1,20000,20974184
int,0,0,baseline,2,20000,18161242
int,0,0,baseline,3,20000,18754643
int,0,0,baseline,4,20000,16697153
int,0,0,baseline,5,20000,16499955
int,0,0,baseline,6,20000,17223897
int,0,0,baseline,7,20000,20168264
int,0,0,baseline,8,20000,13822131
int,0,0,candidate,1,20000,3206829
int,0,0,candidate,2,20000,3309890
int,0,0,candidate,3,20000,6294601
int,0,0,candidate,4,20000,3092342
int,0,0,candidate,5,20000,3777726
int,0,0,candidate,6,20000,3929362
int,0,0,candidate,7,20000,3324216
int,0,0,candidate,8,20000,3287242
int,0,1,candidate,1,20000,3551370
int,0,1,candidate,2,20000,4938350
int,0,1,candidate,3,20000,4027626
int,0,1,candidate,4,20000,5574824
int,0,1,candidate,5,20000,5142944
int,0,1,candidate,6,20000,4199641
int,0,1,candidate,7,20000,3550058
int,0,1,candidate,8,20000,4932617
int,0,1,baseline,1,20000,18742375
int,0,1,baseline,2,20000,17176115
int,0,1,baseline,3,20000,16361848
int,0,1,baseline,4,20000,20446392
int,0,1,baseline,5,20000,14220209
int,0,1,baseline,6,20000,17876197
int,0,1,baseline,7,20000,15975701
int,0,1,baseline,8,20000,20023775
int,0,2,baseline,1,20000,19793020
int,0,2,baseline,2,20000,18119216
int,0,2,baseline,3,20000,19632266
int,0,2,baseline,4,20000,14369871
int,0,2,baseline,5,20000,20875771
int,0,2,baseline,6,20000,14085602
int,0,2,baseline,7,20000,15291733
int,0,2,baseline,8,20000,14370231
int,0,2,candidate,1,20000,5505587
int,0,2,candidate,2,20000,4519062
int,0,2,candidate,3,20000,3204177
int,0,2,candidate,4,20000,6807546
int,0,2,candidate,5,20000,3593967
int,0,2,candidate,6,20000,3530591
int,0,2,candidate,7,20000,3158029
int,0,2,candidate,8,20000,3383218
int,0,3,candidate,1,20000,3263189
int,0,3,candidate,2,20000,4038107
int,0,3,candidate,3,20000,4022936
int,0,3,candidate,4,20000,4401432
int,0,3,candidate,5,20000,3709586
int,0,3,candidate,6,20000,5073844
int,0,3,candidate,7,20000,4112019
int,0,3,candidate,8,20000,4358201
int,0,3,baseline,1,20000,16322092
int,0,3,baseline,2,20000,19430453
int,0,3,baseline,3,20000,18477477
int,0,3,baseline,4,20000,19476889
int,0,3,baseline,5,20000,17188394
int,0,3,baseline,6,20000,20198094
int,0,3,baseline,7,20000,15105247
int,0,3,baseline,8,20000,16173114
int,0,4,baseline,1,20000,15233541
int,0,4,baseline,2,20000,16495400
int,0,4,baseline,3,20000,22810769
int,0,4,baseline,4,20000,17080904
int,0,4,baseline,5,20000,16799331
int,0,4,baseline,6,20000,18096387
int,0,4,baseline,7,20000,19214303
int,0,4,baseline,8,20000,19011796
int,0,4,candidate,1,20000,3423289
int,0,4,candidate,2,20000,3184726
int,0,4,candidate,3,20000,4062408
int,0,4,candidate,4,20000,3385702
int,0,4,candidate,5,20000,3131088
int,0,4,candidate,6,20000,3493379
int,0,4,candidate,7,20000,3114428
int,0,4,candidate,8,20000,5278241
int,1,0,candidate,1,20000,3825720
int,1,0,candidate,2,20000,4392450
int,1,0,candidate,3,20000,3388144
int,1,0,candidate,4,20000,4794591
int,1,0,candidate,5,20000,4972232
int,1,0,candidate,6,20000,4153759
int,1,0,candidate,7,20000,4747865
int,1,0,candidate,8,20000,3156404
int,1,0,baseline,1,20000,16231075
int,1,0,baseline,2,20000,18905161
int,1,0,baseline,3,20000,17591472
int,1,0,baseline,4,20000,17046255
int,1,0,baseline,5,20000,14196050
int,1,0,baseline,6,20000,15787194
int,1,0,baseline,7,20000,18537354
int,1,0,baseline,8,20000,17452069
int,1,1,baseline,1,20000,20977504
int,1,1,baseline,2,20000,14565733
int,1,1,baseline,3,20000,23616697
int,1,1,baseline,4,20000,18586230
int,1,1,baseline,5,20000,17087996
int,1,1,baseline,6,20000,15420547
int,1,1,baseline,7,20000,18285374
int,1,1,baseline,8,20000,19169926
int,1,1,candidate,1,20000,4242309
int,1,1,candidate,2,20000,5927493
int,1,1,candidate,3,20000,3143137
int,1,1,candidate,4,20000,4078884
int,1,1,candidate,5,20000,3675631
int,1,1,candidate,6,20000,3370149
int,1,1,candidate,7,20000,3211609
int,1,1,candidate,8,20000,3679828
int,1,2,candidate,1,20000,4417391
int,1,2,candidate,2,20000,6962899
int,1,2,candidate,3,20000,3162018
int,1,2,candidate,4,20000,3213277
int,1,2,candidate,5,20000,3225454
int,1,2,candidate,6,20000,3153500
int,1,2,candidate,7,20000,3087418
int,1,2,candidate,8,20000,3087006
int,1,2,baseline,1,20000,15107650
int,1,2,baseline,2,20000,16818144
int,1,2,baseline,3,20000,26645183
int,1,2,baseline,4,20000,18418698
int,1,2,baseline,5,20000,18583592
int,1,2,baseline,6,20000,15356600
int,1,2,baseline,7,20000,18134857
int,1,2,baseline,8,20000,15029155
int,1,3,baseline,1,20000,18493380
int,1,3,baseline,2,20000,16634371
int,1,3,baseline,3,20000,18011573
int,1,3,baseline,4,20000,19448905
int,1,3,baseline,5,20000,19734122
int,1,3,baseline,6,20000,17932335
int,1,3,baseline,7,20000,20719075
int,1,3,baseline,8,20000,18350559
int,1,3,candidate,1,20000,3287306
int,1,3,candidate,2,20000,4281001
int,1,3,candidate,3,20000,4306407
int,1,3,candidate,4,20000,6266465
int,1,3,candidate,5,20000,3578357
int,1,3,candidate,6,20000,5482581
int,1,3,candidate,7,20000,5856869
int,1,3,candidate,8,20000,4620717
int,1,4,candidate,1,20000,3620289
int,1,4,candidate,2,20000,3538693
int,1,4,candidate,3,20000,3956988
int,1,4,candidate,4,20000,3135162
int,1,4,candidate,5,20000,4797543
int,1,4,candidate,6,20000,3615243
int,1,4,candidate,7,20000,5452330
int,1,4,candidate,8,20000,3409486
int,1,4,baseline,1,20000,19096859
int,1,4,baseline,2,20000,18410969
int,1,4,baseline,3,20000,22927121
int,1,4,baseline,4,20000,20592231
int,1,4,baseline,5,20000,20257455
int,1,4,baseline,6,20000,18710062
int,1,4,baseline,7,20000,18495619
int,1,4,baseline,8,20000,17345257
int,2,0,baseline,1,20000,22686949
int,2,0,baseline,2,20000,21480809
int,2,0,baseline,3,20000,17901817
int,2,0,baseline,4,20000,19177679
int,2,0,baseline,5,20000,13910681
int,2,0,baseline,6,20000,13764754
int,2,0,baseline,7,20000,17604689
int,2,0,baseline,8,20000,20293203
int,2,0,candidate,1,20000,4781136
int,2,0,candidate,2,20000,3308662
int,2,0,candidate,3,20000,5563330
int,2,0,candidate,4,20000,4606172
int,2,0,candidate,5,20000,6258096
int,2,0,candidate,6,20000,5831177
int,2,0,candidate,7,20000,3570702
int,2,0,candidate,8,20000,4938948
int,2,1,candidate,1,20000,3245680
int,2,1,candidate,2,20000,5428003
int,2,1,candidate,3,20000,4144233
int,2,1,candidate,4,20000,4549283
int,2,1,candidate,5,20000,4872570
int,2,1,candidate,6,20000,3116258
int,2,1,candidate,7,20000,5539154
int,2,1,candidate,8,20000,3148156
int,2,1,baseline,1,20000,17470173
int,2,1,baseline,2,20000,15027822
int,2,1,baseline,3,20000,15869539
int,2,1,baseline,4,20000,15620360
int,2,1,baseline,5,20000,15497075
int,2,1,baseline,6,20000,13966361
int,2,1,baseline,7,20000,16771537
int,2,1,baseline,8,20000,14527466
int,2,2,baseline,1,20000,15456406
int,2,2,baseline,2,20000,14668159
int,2,2,baseline,3,20000,15375182
int,2,2,baseline,4,20000,14964171
int,2,2,baseline,5,20000,15367504
int,2,2,baseline,6,20000,14979732
int,2,2,baseline,7,20000,16147157
int,2,2,baseline,8,20000,14574021
int,2,2,candidate,1,20000,3511784
int,2,2,candidate,2,20000,3483745
int,2,2,candidate,3,20000,3097092
int,2,2,candidate,4,20000,3352530
int,2,2,candidate,5,20000,3180238
int,2,2,candidate,6,20000,3080873
int,2,2,candidate,7,20000,3617420
int,2,2,candidate,8,20000,3969867
int,2,3,candidate,1,20000,3299583
int,2,3,candidate,2,20000,3515571
int,2,3,candidate,3,20000,3702543
int,2,3,candidate,4,20000,3195303
int,2,3,candidate,5,20000,3077286
int,2,3,candidate,6,20000,3415903
int,2,3,candidate,7,20000,3118279
int,2,3,candidate,8,20000,3497058
int,2,3,baseline,1,20000,16513830
int,2,3,baseline,2,20000,15768753
int,2,3,baseline,3,20000,14673040
int,2,3,baseline,4,20000,15114519
int,2,3,baseline,5,20000,13958535
int,2,3,baseline,6,20000,14493950
int,2,3,baseline,7,20000,15049452
int,2,3,baseline,8,20000,14688888
int,2,4,baseline,1,20000,13709056
int,2,4,baseline,2,20000,24761306
int,2,4,baseline,3,20000,23879411
int,2,4,baseline,4,20000,21056541
int,2,4,baseline,5,20000,14275767
int,2,4,baseline,6,20000,17377707
int,2,4,baseline,7,20000,18326944
int,2,4,baseline,8,20000,18416872
int,2,4,candidate,1,20000,3137827
int,2,4,candidate,2,20000,3406352
int,2,4,candidate,3,20000,4098631
int,2,4,candidate,4,20000,3439683
int,2,4,candidate,5,20000,3143179
int,2,4,candidate,6,20000,3444421
int,2,4,candidate,7,20000,3598284
int,2,4,candidate,8,20000,3776597
string,0,0,baseline,1,20000,22364257
string,0,0,baseline,2,20000,19096279
string,0,0,baseline,3,20000,18314141
string,0,0,baseline,4,20000,22727103
string,0,0,baseline,5,20000,18352196
string,0,0,baseline,6,20000,19310587
string,0,0,baseline,7,20000,19536759
string,0,0,baseline,8,20000,21323790
string,0,0,candidate,1,20000,3747286
string,0,0,candidate,2,20000,4272822
string,0,0,candidate,3,20000,3727379
string,0,0,candidate,4,20000,4609185
string,0,0,candidate,5,20000,3789029
string,0,0,candidate,6,20000,4361388
string,0,0,candidate,7,20000,4043320
string,0,0,candidate,8,20000,4339202
string,0,1,candidate,1,20000,5971174
string,0,1,candidate,2,20000,4121027
string,0,1,candidate,3,20000,7006029
string,0,1,candidate,4,20000,3733853
string,0,1,candidate,5,20000,3922059
string,0,1,candidate,6,20000,3789430
string,0,1,candidate,7,20000,4054821
string,0,1,candidate,8,20000,3918725
string,0,1,baseline,1,20000,16975929
string,0,1,baseline,2,20000,24249133
string,0,1,baseline,3,20000,21799312
string,0,1,baseline,4,20000,19280610
string,0,1,baseline,5,20000,19494117
string,0,1,baseline,6,20000,21691435
string,0,1,baseline,7,20000,19908517
string,0,1,baseline,8,20000,19908672
string,0,2,baseline,1,20000,21828009
string,0,2,baseline,2,20000,18771356
string,0,2,baseline,3,20000,20898001
string,0,2,baseline,4,20000,19471093
string,0,2,baseline,5,20000,18632363
string,0,2,baseline,6,20000,21425073
string,0,2,baseline,7,20000,19432103
string,0,2,baseline,8,20000,19512207
string,0,2,candidate,1,20000,8791920
string,0,2,candidate,2,20000,4563497
string,0,2,candidate,3,20000,5100346
string,0,2,candidate,4,20000,3940551
string,0,2,candidate,5,20000,4896437
string,0,2,candidate,6,20000,5643321
string,0,2,candidate,7,20000,4608359
string,0,2,candidate,8,20000,3831421
string,0,3,candidate,1,20000,4250425
string,0,3,candidate,2,20000,3963660
string,0,3,candidate,3,20000,3886809
string,0,3,candidate,4,20000,4071089
string,0,3,candidate,5,20000,3861095
string,0,3,candidate,6,20000,3904622
string,0,3,candidate,7,20000,4249508
string,0,3,candidate,8,20000,4857174
string,0,3,baseline,1,20000,18535007
string,0,3,baseline,2,20000,16227964
string,0,3,baseline,3,20000,22288596
string,0,3,baseline,4,20000,25800291
string,0,3,baseline,5,20000,20988809
string,0,3,baseline,6,20000,17991834
string,0,3,baseline,7,20000,19419189
string,0,3,baseline,8,20000,19774111
string,0,4,baseline,1,20000,24475456
string,0,4,baseline,2,20000,17638680
string,0,4,baseline,3,20000,21645409
string,0,4,baseline,4,20000,21028386
string,0,4,baseline,5,20000,18666061
string,0,4,baseline,6,20000,18993015
string,0,4,baseline,7,20000,19687245
string,0,4,baseline,8,20000,21724194
string,0,4,candidate,1,20000,5863540
string,0,4,candidate,2,20000,3789445
string,0,4,candidate,3,20000,4638216
string,0,4,candidate,4,20000,4582233
string,0,4,candidate,5,20000,4242835
string,0,4,candidate,6,20000,4204345
string,0,4,candidate,7,20000,3924441
string,0,4,candidate,8,20000,4831675
string,1,0,candidate,1,20000,4597415
string,1,0,candidate,2,20000,6514215
string,1,0,candidate,3,20000,3864546
string,1,0,candidate,4,20000,3829461
string,1,0,candidate,5,20000,3974506
string,1,0,candidate,6,20000,6076056
string,1,0,candidate,7,20000,4485532
string,1,0,candidate,8,20000,3834516
string,1,0,baseline,1,20000,20427099
string,1,0,baseline,2,20000,18842058
string,1,0,baseline,3,20000,20175715
string,1,0,baseline,4,20000,19046970
string,1,0,baseline,5,20000,17333000
string,1,0,baseline,6,20000,22545716
string,1,0,baseline,7,20000,20892690
string,1,0,baseline,8,20000,18950292
string,1,1,baseline,1,20000,19727548
string,1,1,baseline,2,20000,20341373
string,1,1,baseline,3,20000,16907950
string,1,1,baseline,4,20000,19128618
string,1,1,baseline,5,20000,19507914
string,1,1,baseline,6,20000,18724578
string,1,1,baseline,7,20000,22179617
string,1,1,baseline,8,20000,18348821
string,1,1,candidate,1,20000,4341432
string,1,1,candidate,2,20000,4096363
string,1,1,candidate,3,20000,4150336
string,1,1,candidate,4,20000,3920546
string,1,1,candidate,5,20000,4204907
string,1,1,candidate,6,20000,3800356
string,1,1,candidate,7,20000,6105357
string,1,1,candidate,8,20000,4139880
string,1,2,candidate,1,20000,5300860
string,1,2,candidate,2,20000,4708869
string,1,2,candidate,3,20000,5927472
string,1,2,candidate,4,20000,4069789
string,1,2,candidate,5,20000,3778491
string,1,2,candidate,6,20000,3871994
string,1,2,candidate,7,20000,4629863
string,1,2,candidate,8,20000,6263205
string,1,2,baseline,1,20000,20230820
string,1,2,baseline,2,20000,20081679
string,1,2,baseline,3,20000,17409160
string,1,2,baseline,4,20000,22841202
string,1,2,baseline,5,20000,25597085
string,1,2,baseline,6,20000,17361959
string,1,2,baseline,7,20000,24525817
string,1,2,baseline,8,20000,21985564
string,1,3,baseline,1,20000,20784415
string,1,3,baseline,2,20000,32585744
string,1,3,baseline,3,20000,37640998
string,1,3,baseline,4,20000,19748490
string,1,3,baseline,5,20000,25127260
string,1,3,baseline,6,20000,21545384
string,1,3,baseline,7,20000,18361503
string,1,3,baseline,8,20000,22943352
string,1,3,candidate,1,20000,4434502
string,1,3,candidate,2,20000,4241297
string,1,3,candidate,3,20000,5177088
string,1,3,candidate,4,20000,4792693
string,1,3,candidate,5,20000,5776092
string,1,3,candidate,6,20000,4458806
string,1,3,candidate,7,20000,3761450
string,1,3,candidate,8,20000,4171393
string,1,4,candidate,1,20000,4444505
string,1,4,candidate,2,20000,6863212
string,1,4,candidate,3,20000,4875336
string,1,4,candidate,4,20000,4337654
string,1,4,candidate,5,20000,3944466
string,1,4,candidate,6,20000,4184033
string,1,4,candidate,7,20000,3725771
string,1,4,candidate,8,20000,5723736
string,1,4,baseline,1,20000,19382968
string,1,4,baseline,2,20000,23135404
string,1,4,baseline,3,20000,19630933
string,1,4,baseline,4,20000,18643497
string,1,4,baseline,5,20000,20691245
string,1,4,baseline,6,20000,21770871
string,1,4,baseline,7,20000,20576740
string,1,4,baseline,8,20000,17336117
string,2,0,baseline,1,20000,22389328
string,2,0,baseline,2,20000,19320022
string,2,0,baseline,3,20000,23414238
string,2,0,baseline,4,20000,19841177
string,2,0,baseline,5,20000,19953540
string,2,0,baseline,6,20000,17764421
string,2,0,baseline,7,20000,16958894
string,2,0,baseline,8,20000,20552576
string,2,0,candidate,1,20000,5886193
string,2,0,candidate,2,20000,4400798
string,2,0,candidate,3,20000,4459788
string,2,0,candidate,4,20000,5183444
string,2,0,candidate,5,20000,6999692
string,2,0,candidate,6,20000,3867065
string,2,0,candidate,7,20000,3721272
string,2,0,candidate,8,20000,4041645
string,2,1,candidate,1,20000,5188614
string,2,1,candidate,2,20000,5982424
string,2,1,candidate,3,20000,4808546
string,2,1,candidate,4,20000,4412581
string,2,1,candidate,5,20000,4417850
string,2,1,candidate,6,20000,4301065
string,2,1,candidate,7,20000,5297377
string,2,1,candidate,8,20000,6278939
string,2,1,baseline,1,20000,19598418
string,2,1,baseline,2,20000,18689577
string,2,1,baseline,3,20000,22036928
string,2,1,baseline,4,20000,21748028
string,2,1,baseline,5,20000,20063307
string,2,1,baseline,6,20000,17468130
string,2,1,baseline,7,20000,22682048
string,2,1,baseline,8,20000,25225518
string,2,2,baseline,1,20000,19695826
string,2,2,baseline,2,20000,21455288
string,2,2,baseline,3,20000,21205894
string,2,2,baseline,4,20000,21692297
string,2,2,baseline,5,20000,18087735
string,2,2,baseline,6,20000,23506567
string,2,2,baseline,7,20000,19907760
string,2,2,baseline,8,20000,20247577
string,2,2,candidate,1,20000,3896797
string,2,2,candidate,2,20000,4567924
string,2,2,candidate,3,20000,5075144
string,2,2,candidate,4,20000,4553095
string,2,2,candidate,5,20000,5866355
string,2,2,candidate,6,20000,5591037
string,2,2,candidate,7,20000,4903693
string,2,2,candidate,8,20000,9706392
string,2,3,candidate,1,20000,5577195
string,2,3,candidate,2,20000,4436874
string,2,3,candidate,3,20000,5017893
string,2,3,candidate,4,20000,4493680
string,2,3,candidate,5,20000,4117311
string,2,3,candidate,6,20000,4183922
string,2,3,candidate,7,20000,4648244
string,2,3,candidate,8,20000,4312277
string,2,3,baseline,1,20000,19848046
string,2,3,baseline,2,20000,21206850
string,2,3,baseline,3,20000,21866956
string,2,3,baseline,4,20000,21021857
string,2,3,baseline,5,20000,17263514
string,2,3,baseline,6,20000,22807219
string,2,3,baseline,7,20000,19633783
string,2,3,baseline,8,20000,20539338
string,2,4,baseline,1,20000,21175583
string,2,4,baseline,2,20000,19467037
string,2,4,baseline,3,20000,20556235
string,2,4,baseline,4,20000,20365165
string,2,4,baseline,5,20000,23724445
string,2,4,baseline,6,20000,23662846
string,2,4,baseline,7,20000,26038016
string,2,4,baseline,8,20000,17002040
string,2,4,candidate,1,20000,4676846
string,2,4,candidate,2,20000,5036403
string,2,4,candidate,3,20000,3989702
string,2,4,candidate,4,20000,4654822
string,2,4,candidate,5,20000,5756261
string,2,4,candidate,6,20000,4178324
string,2,4,candidate,7,20000,5395147
string,2,4,candidate,8,20000,5318108
